poster ,carve,comment
1,42,cool carve!
2,31,Gnarley!
3,120,cool carve!
4,83,Gnarley!
5,87,Great time!
6,6,Great time!
7,99,cool carve!
8,93,so much fun!
9,11,Gnarley!
10,107,cool carve!
11,81,so much fun!
12,56,so much fun!
13,27,Great time!
14,12,so much fun!
15,38,cool carve!
16,15,so much fun!
17,115,Great time!
18,41,cool carve!
19,39,cool carve!
20,43,Gnarley!
21,86,so much fun!
22,16,Gnarley!
23,40,Gnarley!
24,109,cool carve!
25,129,so much fun!
26,88,so much fun!
27,58,Gnarley!
28,49,so much fun!
29,19,cool carve!
30,41,Gnarley!
31,77,so much fun!
32,105,cool carve!
33,75,cool carve!
34,133,Gnarley!
35,80,cool carve!
36,53,so much fun!
37,85,cool carve!
38,56,Gnarley!
39,123,cool carve!
40,82,so much fun!
41,13,Great time!
42,57,Great time!
43,37,cool carve!
44,40,Gnarley!
45,41,Great time!
46,40,so much fun!
47,53,so much fun!
48,46,cool carve!
49,13,cool carve!
50,90,Great time!
51,25,so much fun!
52,4,Gnarley!
53,46,so much fun!
54,135,Gnarley!
55,53,cool carve!
56,21,Gnarley!
57,9,so much fun!
58,14,so much fun!
59,2,Great time!
60,10,Great time!
61,5,so much fun!
62,80,Gnarley!
63,127,so much fun!
64,102,cool carve!
65,106,so much fun!
66,108,Gnarley!
67,15,Great time!
68,79,Great time!
69,64,cool carve!
70,65,cool carve!
71,77,cool carve!
72,101,Gnarley!
73,100,so much fun!
74,22,Gnarley!
75,11,Great time!
76,126,so much fun!
77,64,so much fun!
78,73,Great time!
79,130,Great time!
80,88,so much fun!
81,92,Great time!
82,121,Gnarley!
83,45,Gnarley!
84,68,Great time!
85,82,so much fun!
86,44,so much fun!
87,29,Gnarley!
88,136,Great time!
89,8,so much fun!
90,16,Great time!
91,2,cool carve!
92,30,so much fun!
93,52,cool carve!
94,132,cool carve!
95,100,cool carve!
96,47,so much fun!
97,24,Gnarley!
98,31,Great time!
99,54,so much fun!
100,82,Gnarley!
101,6,Great time!
102,90,so much fun!
103,51,so much fun!
104,93,Great time!
105,42,Gnarley!
106,48,Great time!
107,70,Great time!
108,74,cool carve!
109,43,so much fun!
110,100,so much fun!
111,1,cool carve!
112,128,Gnarley!
113,30,Great time!
114,17,so much fun!
115,12,Great time!
116,59,cool carve!
117,62,cool carve!
118,47,cool carve!
119,74,Gnarley!
120,21,Gnarley!
121,121,so much fun!
122,119,so much fun!
123,20,Great time!
124,66,so much fun!
125,7,Gnarley!
126,83,Great time!
127,87,Great time!
128,105,so much fun!
129,21,Gnarley!
130,78,cool carve!
131,95,Great time!
132,122,Great time!
133,75,cool carve!
134,17,cool carve!
135,44,so much fun!
136,36,Great time!
137,91,cool carve!
138,51,so much fun!
139,138,cool carve!
140,36,Great time!
141,12,so much fun!
142,107,Great time!
143,107,Great time!
144,63,so much fun!
145,109,so much fun!
146,24,Gnarley!
147,2,Great time!
148,72,so much fun!
149,83,cool carve!
150,117,Great time!
151,15,Gnarley!
152,13,so much fun!
153,56,Great time!
154,3,cool carve!
155,22,Great time!
156,12,cool carve!
157,96,Gnarley!
158,84,so much fun!
159,6,Great time!
160,46,Great time!
161,45,cool carve!
162,29,Gnarley!
163,37,Gnarley!
164,65,cool carve!
165,32,Great time!
166,10,Great time!
167,140,so much fun!
168,129,Gnarley!
169,113,so much fun!
170,127,cool carve!
171,131,so much fun!
172,116,cool carve!
173,74,Great time!
174,20,Gnarley!
175,52,Gnarley!
176,37,Gnarley!
177,137,cool carve!
178,19,cool carve!
179,85,cool carve!
180,122,so much fun!
181,94,Gnarley!
182,55,Great time!
183,44,Great time!
184,96,cool carve!
185,99,so much fun!
186,128,so much fun!
187,28,cool carve!
188,126,Gnarley!
189,32,Great time!
190,3,Gnarley!
191,108,cool carve!
192,71,cool carve!
193,71,cool carve!
194,61,cool carve!
195,94,cool carve!
196,66,so much fun!
197,94,cool carve!
198,50,cool carve!
199,61,cool carve!
1,61,so much fun!
2,60,Great time!
3,114,Great time!
4,14,Gnarley!
5,113,so much fun!
6,136,cool carve!
7,51,Gnarley!
8,73,so much fun!
9,90,cool carve!
10,114,Great time!
11,123,Great time!
12,89,Great time!
13,35,so much fun!
14,72,Great time!
15,9,cool carve!
16,71,so much fun!
17,69,so much fun!
18,40,Great time!
19,106,cool carve!
20,45,Gnarley!
21,30,cool carve!
22,103,Great time!
23,124,Great time!
24,110,so much fun!
25,102,Gnarley!
26,111,cool carve!
27,30,cool carve!
28,97,Gnarley!
29,71,cool carve!
30,139,Great time!
31,105,cool carve!
32,8,so much fun!
33,29,so much fun!
34,113,Great time!
35,42,Great time!
36,27,cool carve!
37,117,cool carve!
38,27,Gnarley!
39,114,Gnarley!
40,26,so much fun!
41,55,cool carve!
42,6,so much fun!
43,109,so much fun!
44,63,Gnarley!
45,60,Great time!
46,73,Great time!
47,13,cool carve!
48,87,so much fun!
49,98,so much fun!
50,136,Gnarley!
51,3,Great time!
52,102,so much fun!
53,4,Gnarley!
54,26,Great time!
55,105,Great time!
56,58,cool carve!
57,113,so much fun!
58,20,Great time!
59,134,cool carve!
60,131,Great time!
61,52,so much fun!
62,63,Gnarley!
63,130,so much fun!
64,88,cool carve!
65,17,Great time!
66,25,so much fun!
67,32,cool carve!
68,75,so much fun!
69,124,Great time!
70,69,Great time!
71,61,cool carve!
72,75,cool carve!
73,139,cool carve!
74,126,Great time!
75,1,cool carve!
76,124,Gnarley!
77,96,Great time!
78,135,Gnarley!
79,117,Great time!
80,10,Great time!
81,14,Gnarley!
82,50,Gnarley!
83,16,Gnarley!
84,122,so much fun!
85,91,so much fun!
86,39,cool carve!
87,9,Gnarley!
88,22,cool carve!
89,99,Gnarley!
90,125,cool carve!
91,58,cool carve!
92,95,cool carve!
93,100,Great time!
94,111,so much fun!
95,116,Great time!
96,97,Great time!
97,64,Gnarley!
98,30,cool carve!
99,36,so much fun!
100,94,cool carve!
101,110,Great time!
102,93,Gnarley!
103,98,Great time!
104,28,Gnarley!
105,138,Great time!
106,48,Gnarley!
107,109,Gnarley!
108,48,Great time!
109,110,Gnarley!
110,37,cool carve!
111,9,cool carve!
112,76,Gnarley!
113,32,Great time!
114,128,cool carve!
115,8,Great time!
116,22,so much fun!
117,84,Gnarley!
118,24,cool carve!
119,41,Great time!
120,125,so much fun!
121,107,Gnarley!
122,62,so much fun!
123,10,so much fun!
124,106,cool carve!
125,127,cool carve!
126,79,Gnarley!
127,103,cool carve!
128,89,Great time!
129,135,Great time!
130,21,cool carve!
131,59,Gnarley!
132,26,Great time!
133,59,Great time!
134,14,so much fun!
135,8,cool carve!
136,4,Great time!
137,76,so much fun!
138,112,Great time!
139,31,Gnarley!
140,43,Gnarley!
141,131,Great time!
142,22,Great time!
143,76,Gnarley!
144,103,so much fun!
145,33,Gnarley!
146,72,so much fun!
147,49,cool carve!
148,92,Gnarley!
149,119,so much fun!
150,84,so much fun!
151,140,Gnarley!
152,67,Great time!
153,8,so much fun!
154,69,Great time!
155,50,Great time!
156,9,Gnarley!
157,10,so much fun!
158,137,cool carve!
159,13,cool carve!
160,54,Gnarley!
161,136,so much fun!
162,138,Great time!
163,132,cool carve!
164,67,Gnarley!
165,140,so much fun!
166,98,cool carve!
167,134,cool carve!
168,86,Gnarley!
169,117,so much fun!
170,34,cool carve!
171,28,cool carve!
172,74,so much fun!
173,108,Gnarley!
174,57,so much fun!
175,45,so much fun!
176,60,so much fun!
177,31,so much fun!
178,31,Gnarley!
179,60,cool carve!
180,27,Great time!
181,128,Gnarley!
182,108,cool carve!
183,133,Great time!
184,123,so much fun!
185,70,Gnarley!
186,27,so much fun!
187,86,cool carve!
188,139,Great time!
189,23,Gnarley!
190,5,Gnarley!
191,102,Gnarley!
192,23,cool carve!
193,83,Gnarley!
194,73,so much fun!
195,26,Gnarley!
196,112,Great time!
197,33,so much fun!
198,49,Gnarley!
199,101,cool carve!
1,112,Gnarley!
2,72,cool carve!
3,28,so much fun!
4,140,Great time!
5,11,so much fun!
6,7,cool carve!
7,46,cool carve!
8,66,so much fun!
9,137,so much fun!
10,4,cool carve!
11,115,cool carve!
12,16,Gnarley!
13,55,so much fun!
14,35,so much fun!
15,123,so much fun!
16,29,so much fun!
17,5,Great time!
18,111,Great time!
19,51,cool carve!
20,35,cool carve!
21,80,Gnarley!
22,15,cool carve!
23,131,Great time!
24,116,cool carve!
25,137,Great time!
26,56,Great time!
27,78,Great time!
28,93,cool carve!
29,23,so much fun!
30,38,so much fun!
31,69,cool carve!
32,67,Gnarley!
33,4,so much fun!
34,52,Gnarley!
35,121,Gnarley!
36,57,so much fun!
37,91,Gnarley!
38,48,so much fun!
39,47,Great time!
40,119,cool carve!
41,125,Gnarley!
42,101,cool carve!
43,95,cool carve!
44,92,so much fun!
45,59,Great time!
46,14,so much fun!
47,23,cool carve!
48,101,Great time!
49,77,Gnarley!
50,63,Gnarley!
51,81,so much fun!
52,70,cool carve!
53,37,Gnarley!
54,110,Gnarley!
55,43,cool carve!
56,122,Gnarley!
57,97,Great time!
58,129,cool carve!
59,78,cool carve!
60,132,so much fun!
61,104,Gnarley!
62,36,Great time!
63,120,Gnarley!
64,86,Great time!
65,118,Great time!
66,65,Gnarley!
67,85,cool carve!
68,18,so much fun!
69,95,Great time!
70,64,so much fun!
71,3,cool carve!
72,23,cool carve!
73,1,Great time!
74,34,so much fun!
75,15,cool carve!
76,7,cool carve!
77,2,so much fun!
78,28,Great time!
79,54,so much fun!
80,79,so much fun!
81,132,so much fun!
82,66,so much fun!
83,76,Gnarley!
84,133,Great time!
85,11,cool carve!
86,17,so much fun!
87,68,Gnarley!
88,84,cool carve!
89,29,so much fun!
90,1,so much fun!
91,121,Gnarley!
92,98,so much fun!
93,36,so much fun!
94,80,Great time!
95,47,Gnarley!
96,119,Great time!
97,134,Great time!
98,18,Gnarley!
99,18,so much fun!
100,62,so much fun!
101,53,cool carve!
102,33,Great time!
103,18,Gnarley!
104,39,Gnarley!
105,133,cool carve!
106,82,Great time!
107,85,cool carve!
108,62,so much fun!
109,55,Great time!
110,90,cool carve!
111,25,Gnarley!
112,57,cool carve!
113,25,Gnarley!
114,104,Great time!
115,106,Gnarley!
116,103,so much fun!
117,77,so much fun!
118,112,Gnarley!
119,34,so much fun!
120,124,Great time!
121,38,Great time!
122,32,cool carve!
123,118,so much fun!
124,120,cool carve!
125,115,Gnarley!
126,38,so much fun!
127,34,Great time!
128,6,Gnarley!
129,104,Gnarley!
130,2,cool carve!
131,129,Gnarley!
132,24,Gnarley!
133,33,cool carve!
134,50,Gnarley!
135,118,so much fun!
136,67,so much fun!
137,138,cool carve!
138,35,so much fun!
139,127,Gnarley!
140,12,so much fun!
141,130,Great time!
142,92,Gnarley!
143,139,cool carve!
144,5,Great time!
145,97,cool carve!
146,11,Gnarley!
147,120,cool carve!
148,25,Gnarley!
149,21,Gnarley!
150,135,so much fun!
151,89,Gnarley!
152,70,Great time!
153,58,cool carve!
154,1,cool carve!
155,116,so much fun!
156,49,Great time!
157,87,Gnarley!
158,20,Great time!
159,24,so much fun!
160,65,Great time!
161,7,cool carve!
162,19,cool carve!
163,20,Gnarley!
164,96,Gnarley!
165,18,so much fun!
166,34,so much fun!
167,19,Gnarley!
168,118,Gnarley!
169,17,Great time!
170,68,Great time!
171,44,so much fun!
172,19,Gnarley!
173,5,so much fun!
174,81,cool carve!
175,16,Great time!
176,81,cool carve!
177,42,Gnarley!
178,89,so much fun!
179,91,Great time!
180,134,Gnarley!
181,125,Gnarley!
182,111,so much fun!
183,68,Gnarley!
184,26,cool carve!
185,126,Gnarley!
186,39,Great time!
187,7,so much fun!
188,130,cool carve!
189,114,Gnarley!
190,99,Great time!
191,78,Gnarley!
192,3,cool carve!
193,104,Great time!
194,79,cool carve!
195,35,cool carve!
196,88,so much fun!
197,54,cool carve!
198,115,Great time!
199,33,so much fun!