poster,url,description,profile
1,https://www.youtube.com/embed/UGdif-dwu-8,Redbull Snowboarding Movie,15
1,https://www.youtube.com/embed/1TJ08caetkw,Gopro Snow boarding at Alaskan Playground,2
1,https://www.youtube.com/embed/C-y70ZOSzE0,Gopro Mountain Snowboarding,3
8,https://www.youtube.com/embed/rva_24_X_0Y,Snowboarding in Slopes in Switzerland,7
2,https://www.youtube.com/embed/vBFQ9mDXEmQ,"Skiing In Magical Verbier, Swiss Alps",8
3,https://www.youtube.com/embed/_iLnGNNrViA,"Summer Skiing in Zermatt, Switzerland",8
4,https://www.youtube.com/embed/CnJfIONbJF4,GoPro: Skiing the Austrian Alps,9
5,https://www.youtube.com/embed/esEMipaUHwk,Skydiving In The Swiss Alps,11
6,https://www.youtube.com/embed/xFEN7BQ7Zus,"Skydive on Palm Jumeriah, Dubai",12
7,https://www.youtube.com/embed/u-JQIEvHhMQ,"Skydiving in Sicily, Italy",13
9,https://www.youtube.com/embed/j54R3P76aS4,Skydiving over the Bahamas,14
10,https://www.youtube.com/embed/gm7eT0MGt2Y,Surfing with Gopro Endless Barrels Winter,15
11,https://www.youtube.com/embed/4LdnySqs1Ks,Surfing Mentawai Islands,16
12,https://www.youtube.com/embed/l9m4cW2yxy0,"Bungee Jumping in New Zealand
",17
5,https://www.youtube.com/embed/vGN7djGWtpQ,"Bungee Jump Verzacsa, Switzerland
",18
8,https://www.youtube.com/embed/4D1HkgI6UOI,"PARAGLIDING INTERLAKEN, SWITZERLAND!!",19
3,https://www.youtube.com/embed/OVcwcvwzRPs,Switzerland Mountain Coaster,20
2,https://www.youtube.com/embed/hNvrK2vQsOQ,GoPro: Lake Powell Wakeboarding Adventures,21
3,https://www.youtube.com/embed/6dZX6CzS8QM,Wakeboard Regular Tricks,22
23,https://www.youtube.com/embed/uXUVGhqwywE,Kayaking Iceland,23
7,https://www.youtube.com/embed/RtbutcpWG0A,Return to the Ditch - Tandem Kayak,24
29,https://www.youtube.com/embed/iKm2JEwe-BI,Parasailing in Key West Florida,25
30,https://www.youtube.com/embed/TZDPbflCWGI,PARASAILING IN CANCUN MEXICO,26
27,https://www.youtube.com/embed/HY3pDs3iKfk,Rock Climbing China’s White Mountain,27
11,https://www.youtube.com/embed/Ssjp6Wiu3TA,Rock Climbing World’s Highest Wall,28
13,https://www.youtube.com/embed/Vaq4pHxM5P4,PaddleBoarding With GoPro,29
15,https://www.youtube.com/embed/og1tAqf3g-4,PaddleBoarding Freestyle Tricks,31
3,https://www.youtube.com/embed/ZSLCeKfOwq8,"Air Race Red Bull Cannes, France",35
5,https://www.youtube.com/embed/fObqACgLhqM,Air Race Best HD,36
6,https://www.youtube.com/embed/uNwms85M648,BMX Bike Riding in NYC ,37
7,https://www.youtube.com/embed/zOIk-Ddg1E8,BMX Revenge at Red Bull Rampage 2016,38
8,https://www.youtube.com/embed/Hv_DRJZZ2qI,Mountain Biking Red Bull Start to Finish,39
8,https://www.youtube.com/embed/l6DPb0szIXM,Mountain Biking in Whistler Mountain Bike Park,40
2,https://www.youtube.com/embed/0ytfmfn76qA,Hang Gliding Wilson Arch,31
2,https://www.youtube.com/embed/gwuLVLwMjuA,Hang Gliding though Buildings,41
2,https://www.youtube.com/embed/tpKEmBQieVo, Base Jumping Alone,21
3,https://www.youtube.com/embed/-C_jPcUkVrM,Base Jumping  though 2 meter cave,23
5,https://www.youtube.com/embed/2f9AYloQlFs,Cliff Diving World Series,22
5,https://www.youtube.com/embed/Ed4QWB0z6f8, Cliff Diving Italy,21
5,https://www.youtube.com/embed/eE_j5TAhxeg,Skate Boarding streets of Tokyo,14
6,https://www.youtube.com/embed/bgxCKo5O_CA,Skate Boarding Games ,18
7,https://www.youtube.com/embed/g0FMrjsYAzc,Downhill Skiing GoPro,21
8,https://www.youtube.com/embed/0gogZ6T1sPU,Downhill Skiing From Eyes of Ted Ligety,2