poster,url,description,carve,
1,https://www.youtube.com/embed/UGdif-dwu-8,Redbull Snowboarding Movie,2,
1,https://www.youtube.com/embed/1TJ08caetkw,Gopro Snow boarding at Alaskan Playground,4,
1,https://www.youtube.com/embed/C-y70ZOSzE0,Gopro Mountain Snowboarding,6,
8,https://www.youtube.com/embed/rva_24_X_0Y,Snowboarding in Slopes in Switzerland,8,
2,https://www.youtube.com/embed/vBFQ9mDXEmQ,"Skiing In Magical Verbier, Swiss Alps",10,
3,https://www.youtube.com/embed/_iLnGNNrViA,"Summer Skiing in Zermatt, Switzerland",12,
4,https://www.youtube.com/embed/CnJfIONbJF4,GoPro: Skiing the Austrian Alps,14,
5,https://www.youtube.com/embed/esEMipaUHwk,Skydiving In The Swiss Alps,16,
6,https://www.youtube.com/embed/xFEN7BQ7Zus,"Skydive on Palm Jumeriah, Dubai",18,
7,https://www.youtube.com/embed/u-JQIEvHhMQ,"Skydiving in Sicily, Italy",20,
9,https://www.youtube.com/embed/j54R3P76aS4,Skydiving over the Bahamas,22,
10,https://www.youtube.com/embed/gm7eT0MGt2Y,Surfing with Gopro Endless Barrels Winter,24,
11,https://www.youtube.com/embed/4LdnySqs1Ks,Surfing Mentawai Islands,26,
12,https://www.youtube.com/embed/l9m4cW2yxy0,"Bungee Jumping in New Zealand
",28,
5,https://www.youtube.com/embed/vGN7djGWtpQ,"Bungee Jump Verzacsa, Switzerland
",30,
8,https://www.youtube.com/embed/4D1HkgI6UOI,"PARAGLIDING INTERLAKEN, SWITZERLAND!!",32,
3,https://www.youtube.com/embed/OVcwcvwzRPs,Switzerland Mountain Coaster,34,
2,https://www.youtube.com/embed/hNvrK2vQsOQ,GoPro: Lake Powell Wakeboarding Adventures,36,
3,https://www.youtube.com/embed/6dZX6CzS8QM,Wakeboard Regular Tricks,38,
23,https://www.youtube.com/embed/uXUVGhqwywE,Kayaking Iceland,40,
7,https://www.youtube.com/embed/RtbutcpWG0A,Return to the Ditch - Tandem Kayak,1,
29,https://www.youtube.com/embed/iKm2JEwe-BI,Parasailing in Key West Florida,3,
30,https://www.youtube.com/embed/TZDPbflCWGI,PARASAILING IN CANCUN MEXICO,5,
27,https://www.youtube.com/embed/HY3pDs3iKfk,Rock Climbing China’s White Mountain,7,
11,https://www.youtube.com/embed/Ssjp6Wiu3TA,Rock Climbing World’s Highest Wall,9,
13,https://www.youtube.com/embed/Vaq4pHxM5P4,PaddleBoarding With GoPro,11,
15,https://www.youtube.com/embed/og1tAqf3g-4,PaddleBoarding Freestyle Tricks,13,
3,https://www.youtube.com/embed/ZSLCeKfOwq8,"Air Race Red Bull Cannes, France",15,
5,https://www.youtube.com/embed/fObqACgLhqM,Air Race Best HD,17,
6,https://www.youtube.com/embed/uNwms85M648,BMX Bike Riding in NYC ,19,
7,https://www.youtube.com/embed/zOIk-Ddg1E8,BMX Revenge at Red Bull Rampage 2016,21,
8,https://www.youtube.com/embed/Hv_DRJZZ2qI,Mountain Biking Red Bull Start to Finish,23,
8,https://www.youtube.com/embed/l6DPb0szIXM,Mountain Biking in Whistler Mountain Bike Park,25,
2,https://www.youtube.com/embed/0ytfmfn76qA,Hang Gliding Wilson Arch,27,
2,https://www.youtube.com/embed/gwuLVLwMjuA,Hang Gliding though Buildings,29,
2,https://www.youtube.com/embed/tpKEmBQieVo, Base Jumping Alone,31,
3,https://www.youtube.com/embed/-C_jPcUkVrM,Base Jumping  though 2 meter cave,33,
5,https://www.youtube.com/embed/2f9AYloQlFs,Cliff Diving World Series,35,
5,https://www.youtube.com/embed/Ed4QWB0z6f8, Cliff Diving Italy,37,
5,https://www.youtube.com/embed/eE_j5TAhxeg,Skate Boarding streets of Tokyo,39,
6,https://www.youtube.com/embed/bgxCKo5O_CA,Skate Boarding Games ,41,
7,https://www.youtube.com/embed/g0FMrjsYAzc,Downhill Skiing GoPro,43,
8,https://www.youtube.com/embed/0gogZ6T1sPU,Downhill Skiing From Eyes of Ted Ligety,45,