poster ,profile,comment
1,41,Can.t wait to see what else you post!
2,116,I like what you're doing!
3,23,you should come carve with me some time!
4,35,cool stuff!
5,83,cool profile!
6,70,Can.t wait to see what else you post!
7,186,I like what you're doing!
8,6,you should come carve with me some time!
9,95,cool stuff!
10,12,cool profile!
11,191,Can.t wait to see what else you post!
12,118,I like what you're doing!
13,77,you should come carve with me some time!
14,150,cool stuff!
15,124,cool profile!
16,25,Can.t wait to see what else you post!
17,56,I like what you're doing!
18,133,you should come carve with me some time!
19,47,cool stuff!
20,181,cool profile!
21,81,Can.t wait to see what else you post!
22,32,I like what you're doing!
23,137,you should come carve with me some time!
24,30,cool stuff!
25,11,cool profile!
26,29,Can.t wait to see what else you post!
27,90,I like what you're doing!
28,123,you should come carve with me some time!
29,102,cool stuff!
30,162,cool profile!
31,101,Can.t wait to see what else you post!
32,76,I like what you're doing!
33,126,you should come carve with me some time!
34,121,cool stuff!
35,163,cool profile!
36,45,Can.t wait to see what else you post!
37,72,I like what you're doing!
38,108,you should come carve with me some time!
39,170,cool stuff!
40,18,cool profile!
41,173,Can.t wait to see what else you post!
42,184,I like what you're doing!
43,106,you should come carve with me some time!
44,105,cool stuff!
45,79,cool profile!
46,26,Can.t wait to see what else you post!
47,68,I like what you're doing!
48,34,you should come carve with me some time!
49,73,cool stuff!
50,165,cool profile!
51,62,Can.t wait to see what else you post!
52,154,I like what you're doing!
53,166,you should come carve with me some time!
54,146,cool stuff!
55,50,cool profile!
56,36,Can.t wait to see what else you post!
57,178,I like what you're doing!
58,103,you should come carve with me some time!
59,22,cool stuff!
60,152,cool profile!
61,57,Can.t wait to see what else you post!
62,71,I like what you're doing!
63,7,you should come carve with me some time!
64,160,cool stuff!
65,61,cool profile!
66,82,Can.t wait to see what else you post!
67,28,I like what you're doing!
68,109,you should come carve with me some time!
69,190,cool stuff!
70,147,cool profile!
71,176,Can.t wait to see what else you post!
72,192,I like what you're doing!
73,194,you should come carve with me some time!
74,8,cool stuff!
75,136,cool profile!
76,104,Can.t wait to see what else you post!
77,1,I like what you're doing!
78,156,you should come carve with me some time!
79,155,cool stuff!
80,92,cool profile!
81,67,Can.t wait to see what else you post!
82,119,I like what you're doing!
83,54,you should come carve with me some time!
84,63,cool stuff!
85,33,cool profile!
86,188,Can.t wait to see what else you post!
87,37,I like what you're doing!
88,189,you should come carve with me some time!
89,24,cool stuff!
90,80,cool profile!
91,130,Can.t wait to see what else you post!
92,172,I like what you're doing!
93,180,you should come carve with me some time!
94,65,cool stuff!
95,117,cool profile!
96,93,Can.t wait to see what else you post!
97,159,I like what you're doing!
98,142,you should come carve with me some time!
99,196,cool stuff!
100,69,cool profile!
101,132,Can.t wait to see what else you post!
102,87,I like what you're doing!
103,91,you should come carve with me some time!
104,168,cool stuff!
105,140,cool profile!
106,125,Can.t wait to see what else you post!
107,89,I like what you're doing!
108,153,you should come carve with me some time!
109,59,cool stuff!
110,149,cool profile!
111,198,Can.t wait to see what else you post!
112,38,I like what you're doing!
113,131,you should come carve with me some time!
114,145,cool stuff!
115,66,cool profile!
116,158,Can.t wait to see what else you post!
117,185,I like what you're doing!
118,128,you should come carve with me some time!
119,114,cool stuff!
120,122,cool profile!
121,135,Can.t wait to see what else you post!
122,177,I like what you're doing!
123,195,you should come carve with me some time!
124,9,cool stuff!
125,129,cool profile!
126,193,Can.t wait to see what else you post!
127,127,I like what you're doing!
128,75,you should come carve with me some time!
129,169,cool stuff!
130,17,cool profile!
131,78,Can.t wait to see what else you post!
132,111,I like what you're doing!
133,40,you should come carve with me some time!
134,107,cool stuff!
135,179,cool profile!
136,98,Can.t wait to see what else you post!
137,74,I like what you're doing!
138,27,you should come carve with me some time!
139,20,cool stuff!
140,99,cool profile!
141,52,Can.t wait to see what else you post!
142,4,I like what you're doing!
143,141,you should come carve with me some time!
144,144,cool stuff!
145,197,cool profile!
146,94,Can.t wait to see what else you post!
147,110,I like what you're doing!
148,120,you should come carve with me some time!
149,157,cool stuff!
150,13,cool profile!
151,97,Can.t wait to see what else you post!
152,55,I like what you're doing!
153,151,you should come carve with me some time!
154,42,cool stuff!
155,46,cool profile!
156,31,Can.t wait to see what else you post!
157,174,I like what you're doing!
158,3,you should come carve with me some time!
159,183,cool stuff!
160,112,cool profile!
161,134,Can.t wait to see what else you post!
162,199,I like what you're doing!
163,115,you should come carve with me some time!
164,39,cool stuff!
165,84,cool profile!
166,167,Can.t wait to see what else you post!
167,14,I like what you're doing!
168,85,you should come carve with me some time!
169,43,cool stuff!
170,58,cool profile!
171,53,Can.t wait to see what else you post!
172,113,I like what you're doing!
173,21,you should come carve with me some time!
174,10,cool stuff!
175,16,cool profile!
176,48,Can.t wait to see what else you post!
177,175,I like what you're doing!
178,138,you should come carve with me some time!
179,44,cool stuff!
180,86,cool profile!
181,88,Can.t wait to see what else you post!
182,143,I like what you're doing!
183,148,you should come carve with me some time!
184,51,cool stuff!
185,64,cool profile!
186,100,Can.t wait to see what else you post!
187,164,I like what you're doing!
188,49,you should come carve with me some time!
189,171,cool stuff!
190,182,cool profile!
191,19,Can.t wait to see what else you post!
192,60,I like what you're doing!
193,161,you should come carve with me some time!
194,2,cool stuff!
195,96,cool profile!
196,187,Can.t wait to see what else you post!
197,139,I like what you're doing!
198,5,you should come carve with me some time!
199,15,cool stuff!
1,109,cool profile!
2,113,Can.t wait to see what else you post!
3,171,I like what you're doing!
4,138,you should come carve with me some time!
5,36,cool stuff!
6,133,cool profile!
7,154,Can.t wait to see what else you post!
8,70,I like what you're doing!
9,156,you should come carve with me some time!
10,2,cool stuff!
11,5,cool profile!
12,33,Can.t wait to see what else you post!
13,58,I like what you're doing!
14,51,you should come carve with me some time!
15,187,cool stuff!
16,127,cool profile!
17,45,Can.t wait to see what else you post!
18,56,I like what you're doing!
19,94,you should come carve with me some time!
20,124,cool stuff!
21,135,cool profile!
22,57,Can.t wait to see what else you post!
23,129,I like what you're doing!
24,161,you should come carve with me some time!
25,69,cool stuff!
26,27,cool profile!
27,74,Can.t wait to see what else you post!
28,193,I like what you're doing!
29,39,you should come carve with me some time!
30,177,cool stuff!
31,67,cool profile!
32,14,Can.t wait to see what else you post!
33,179,I like what you're doing!
34,95,you should come carve with me some time!
35,47,cool stuff!
36,106,cool profile!
37,48,Can.t wait to see what else you post!
38,21,I like what you're doing!
39,66,you should come carve with me some time!
40,123,cool stuff!
41,59,cool profile!
42,145,Can.t wait to see what else you post!
43,89,I like what you're doing!
44,18,you should come carve with me some time!
45,117,cool stuff!
46,87,cool profile!
47,8,Can.t wait to see what else you post!
48,175,I like what you're doing!
49,122,you should come carve with me some time!
50,60,cool stuff!
51,40,cool profile!
52,96,Can.t wait to see what else you post!
53,157,I like what you're doing!
54,78,you should come carve with me some time!
55,166,cool stuff!
56,84,cool profile!
57,186,Can.t wait to see what else you post!
58,46,I like what you're doing!
59,182,you should come carve with me some time!
60,62,cool stuff!
61,55,cool profile!
62,77,Can.t wait to see what else you post!
63,172,I like what you're doing!
64,158,you should come carve with me some time!
65,41,cool stuff!
66,28,cool profile!
67,103,Can.t wait to see what else you post!
68,11,I like what you're doing!
69,144,you should come carve with me some time!
70,143,cool stuff!
71,198,cool profile!
72,170,Can.t wait to see what else you post!
73,63,I like what you're doing!
74,128,you should come carve with me some time!
75,4,cool stuff!
76,24,cool profile!
77,85,Can.t wait to see what else you post!
78,15,I like what you're doing!
79,93,you should come carve with me some time!
80,42,cool stuff!
81,73,cool profile!
82,92,Can.t wait to see what else you post!
83,61,I like what you're doing!
84,43,you should come carve with me some time!
85,1,cool stuff!
86,155,cool profile!
87,79,Can.t wait to see what else you post!
88,12,I like what you're doing!
89,149,you should come carve with me some time!
90,65,cool stuff!
91,140,cool profile!
92,148,Can.t wait to see what else you post!
93,38,I like what you're doing!
94,53,you should come carve with me some time!
95,195,cool stuff!
96,181,cool profile!
97,23,Can.t wait to see what else you post!
98,17,I like what you're doing!
99,150,you should come carve with me some time!
100,165,cool stuff!
101,146,cool profile!
102,120,Can.t wait to see what else you post!
103,192,I like what you're doing!
104,196,you should come carve with me some time!
105,16,cool stuff!
106,134,cool profile!
107,199,Can.t wait to see what else you post!
108,83,I like what you're doing!
109,126,you should come carve with me some time!
110,7,cool stuff!
111,180,cool profile!
112,49,Can.t wait to see what else you post!
113,102,I like what you're doing!
114,76,you should come carve with me some time!
115,30,cool stuff!
116,86,cool profile!
117,159,Can.t wait to see what else you post!
118,71,I like what you're doing!
119,72,you should come carve with me some time!
120,139,cool stuff!
121,19,cool profile!
122,194,Can.t wait to see what else you post!
123,104,I like what you're doing!
124,173,you should come carve with me some time!
125,97,cool stuff!
126,31,cool profile!
127,98,Can.t wait to see what else you post!
128,168,I like what you're doing!
129,10,you should come carve with me some time!
130,80,cool stuff!
131,188,cool profile!
132,125,Can.t wait to see what else you post!
133,100,I like what you're doing!
134,35,you should come carve with me some time!
135,153,cool stuff!
136,151,cool profile!
137,190,Can.t wait to see what else you post!
138,99,I like what you're doing!
139,169,you should come carve with me some time!
140,88,cool stuff!
141,152,cool profile!
142,160,Can.t wait to see what else you post!
143,115,I like what you're doing!
144,105,you should come carve with me some time!
145,189,cool stuff!
146,64,cool profile!
147,110,Can.t wait to see what else you post!
148,136,I like what you're doing!
149,111,you should come carve with me some time!
150,174,cool stuff!
151,130,cool profile!
152,131,Can.t wait to see what else you post!
153,114,I like what you're doing!
154,101,you should come carve with me some time!
155,107,cool stuff!
156,50,cool profile!
157,37,Can.t wait to see what else you post!
158,13,I like what you're doing!
159,3,you should come carve with me some time!
160,185,cool stuff!
161,22,cool profile!
162,9,Can.t wait to see what else you post!
163,34,I like what you're doing!
164,81,you should come carve with me some time!
165,108,cool stuff!
166,119,cool profile!
167,32,Can.t wait to see what else you post!
168,6,I like what you're doing!
169,164,you should come carve with me some time!
170,116,cool stuff!
171,197,cool profile!
172,141,Can.t wait to see what else you post!
173,20,I like what you're doing!
174,68,you should come carve with me some time!
175,147,cool stuff!
176,163,cool profile!
177,137,Can.t wait to see what else you post!
178,112,I like what you're doing!
179,121,you should come carve with me some time!
180,91,cool stuff!
181,142,cool profile!
182,191,Can.t wait to see what else you post!
183,132,I like what you're doing!
184,75,you should come carve with me some time!
185,167,cool stuff!
186,118,cool profile!
187,52,Can.t wait to see what else you post!
188,26,I like what you're doing!
189,184,you should come carve with me some time!
190,178,cool stuff!
191,90,cool profile!
192,25,Can.t wait to see what else you post!
193,29,I like what you're doing!
194,183,you should come carve with me some time!
195,82,cool stuff!
196,162,cool profile!
197,44,Can.t wait to see what else you post!
198,176,I like what you're doing!
199,54,you should come carve with me some time!
1,190,cool stuff!
2,115,cool profile!
3,126,Can.t wait to see what else you post!
4,184,I like what you're doing!
5,178,you should come carve with me some time!
6,40,cool stuff!
7,97,cool profile!
8,85,Can.t wait to see what else you post!
9,116,I like what you're doing!
10,25,you should come carve with me some time!
11,179,cool stuff!
12,68,cool profile!
13,155,Can.t wait to see what else you post!
14,35,I like what you're doing!
15,23,you should come carve with me some time!
16,183,cool stuff!
17,51,cool profile!
18,62,Can.t wait to see what else you post!
19,165,I like what you're doing!
20,30,you should come carve with me some time!
21,105,cool stuff!
22,66,cool profile!
23,92,Can.t wait to see what else you post!
24,196,I like what you're doing!
25,37,you should come carve with me some time!
26,111,cool stuff!
27,91,cool profile!
28,102,Can.t wait to see what else you post!
29,128,I like what you're doing!
30,81,you should come carve with me some time!
31,10,cool stuff!
32,47,cool profile!
33,139,Can.t wait to see what else you post!
34,145,I like what you're doing!
35,133,you should come carve with me some time!
36,101,cool stuff!
37,70,cool profile!
38,98,Can.t wait to see what else you post!
39,173,I like what you're doing!
40,42,you should come carve with me some time!
41,134,cool stuff!
42,15,cool profile!
43,52,Can.t wait to see what else you post!
44,44,I like what you're doing!
45,73,you should come carve with me some time!
46,107,cool stuff!
47,156,cool profile!
48,76,Can.t wait to see what else you post!
49,56,I like what you're doing!
50,34,you should come carve with me some time!
51,172,cool stuff!
52,94,cool profile!
53,29,Can.t wait to see what else you post!
54,28,I like what you're doing!
55,188,you should come carve with me some time!
56,193,cool stuff!
57,3,cool profile!
58,82,Can.t wait to see what else you post!
59,144,I like what you're doing!
60,152,you should come carve with me some time!
61,77,cool stuff!
62,79,cool profile!
63,141,Can.t wait to see what else you post!
64,195,I like what you're doing!
65,176,you should come carve with me some time!
66,104,cool stuff!
67,43,cool profile!
68,80,Can.t wait to see what else you post!
69,16,I like what you're doing!
70,166,you should come carve with me some time!
71,181,cool stuff!
72,163,cool profile!
73,36,Can.t wait to see what else you post!
74,50,I like what you're doing!
75,100,you should come carve with me some time!
76,192,cool stuff!
77,189,cool profile!
78,103,Can.t wait to see what else you post!
79,162,I like what you're doing!
80,140,you should come carve with me some time!
81,95,cool stuff!
82,41,cool profile!
83,60,Can.t wait to see what else you post!
84,169,I like what you're doing!
85,74,you should come carve with me some time!
86,123,cool stuff!
87,186,cool profile!
88,113,Can.t wait to see what else you post!
89,182,I like what you're doing!
90,120,you should come carve with me some time!
91,26,cool stuff!
92,180,cool profile!
93,138,Can.t wait to see what else you post!
94,5,I like what you're doing!
95,63,you should come carve with me some time!
96,22,cool stuff!
97,39,cool profile!
98,1,Can.t wait to see what else you post!
99,160,I like what you're doing!
100,27,you should come carve with me some time!
101,132,cool stuff!
102,96,cool profile!
103,20,Can.t wait to see what else you post!
104,8,I like what you're doing!
105,17,you should come carve with me some time!
106,18,cool stuff!
107,83,cool profile!
108,157,Can.t wait to see what else you post!
109,167,I like what you're doing!
110,191,you should come carve with me some time!
111,109,cool stuff!
112,119,cool profile!
113,124,Can.t wait to see what else you post!
114,125,I like what you're doing!
115,135,you should come carve with me some time!
116,87,cool stuff!
117,32,cool profile!
118,177,Can.t wait to see what else you post!
119,54,I like what you're doing!
120,46,you should come carve with me some time!
121,159,cool stuff!
122,174,cool profile!
123,108,Can.t wait to see what else you post!
124,67,I like what you're doing!
125,112,you should come carve with me some time!
126,136,cool stuff!
127,150,cool profile!
128,122,Can.t wait to see what else you post!
129,158,I like what you're doing!
130,117,you should come carve with me some time!
131,171,cool stuff!
132,45,cool profile!
133,168,Can.t wait to see what else you post!
134,151,I like what you're doing!
135,90,you should come carve with me some time!
136,13,cool stuff!
137,72,cool profile!
138,148,Can.t wait to see what else you post!
139,59,I like what you're doing!
140,69,you should come carve with me some time!
141,38,cool stuff!
142,49,cool profile!
143,137,Can.t wait to see what else you post!
144,71,I like what you're doing!
145,78,you should come carve with me some time!
146,48,cool stuff!
147,199,cool profile!
148,146,Can.t wait to see what else you post!
149,7,I like what you're doing!
150,55,you should come carve with me some time!
151,61,cool stuff!
152,114,cool profile!
153,149,Can.t wait to see what else you post!
154,154,I like what you're doing!
155,131,you should come carve with me some time!
156,187,cool stuff!
157,58,cool profile!
158,110,Can.t wait to see what else you post!
159,161,I like what you're doing!
160,75,you should come carve with me some time!
161,197,cool stuff!
162,106,cool profile!
163,65,Can.t wait to see what else you post!
164,12,I like what you're doing!
165,84,you should come carve with me some time!
166,142,cool stuff!
167,4,cool profile!
168,88,Can.t wait to see what else you post!
169,6,I like what you're doing!
170,99,you should come carve with me some time!
171,89,cool stuff!
172,14,cool profile!
173,130,Can.t wait to see what else you post!
174,11,I like what you're doing!
175,194,you should come carve with me some time!
176,185,cool stuff!
177,93,cool profile!
178,198,Can.t wait to see what else you post!
179,164,I like what you're doing!
180,24,you should come carve with me some time!
181,9,cool stuff!
182,86,cool profile!
183,64,Can.t wait to see what else you post!
184,147,I like what you're doing!
185,143,you should come carve with me some time!
186,31,cool stuff!
187,33,cool profile!
188,118,Can.t wait to see what else you post!
189,57,I like what you're doing!
190,2,you should come carve with me some time!
191,170,cool stuff!
192,53,cool profile!
193,121,Can.t wait to see what else you post!
194,153,I like what you're doing!
195,21,you should come carve with me some time!
196,19,cool stuff!
197,129,cool profile!
198,175,Can.t wait to see what else you post!
199,127,I like what you're doing!